{
  "ABIRoot": {
    "kind": "Root",
    "name": "TopLevel",
    "printedName": "TopLevel",
    "children": [
      {
        "kind": "Import",
        "name": "AppKit",
        "printedName": "AppKit",
        "declKind": "Import",
        "moduleName": "XIBLoadable_macOS",
        "declAttributes": [
          "RawDocComment"
        ]
      },
      {
        "kind": "TypeDecl",
        "name": "XIBLoadable",
        "printedName": "XIBLoadable",
        "children": [
          {
            "kind": "Function",
            "name": "load",
            "printedName": "load(from:)",
            "children": [
              {
                "kind": "TypeNominal",
                "name": "Bool",
                "printedName": "Swift.Bool",
                "usr": "s:Sb"
              },
              {
                "kind": "TypeNominal",
                "name": "String",
                "printedName": "Swift.String",
                "usr": "s:SS"
              }
            ],
            "declKind": "Func",
            "usr": "s:17XIBLoadable_macOS0A0P4load4fromSbSS_tF",
            "mangledName": "$s17XIBLoadable_macOS0A0P4load4fromSbSS_tF",
            "moduleName": "XIBLoadable_macOS",
            "genericSig": "<τ_0_0 where τ_0_0 : XIBLoadable_macOS.XIBLoadable>",
            "sugared_genericSig": "<Self where Self : XIBLoadable_macOS.XIBLoadable>",
            "protocolReq": true,
            "reqNewWitnessTableEntry": true,
            "funcSelfKind": "NonMutating"
          },
          {
            "kind": "Function",
            "name": "add",
            "printedName": "add(to:)",
            "children": [
              {
                "kind": "TypeNominal",
                "name": "Void",
                "printedName": "()"
              },
              {
                "kind": "TypeNominal",
                "name": "NSView",
                "printedName": "AppKit.NSView",
                "usr": "c:objc(cs)NSView"
              }
            ],
            "declKind": "Func",
            "usr": "s:17XIBLoadable_macOS0A0P3add2toySo6NSViewC_tF",
            "mangledName": "$s17XIBLoadable_macOS0A0P3add2toySo6NSViewC_tF",
            "moduleName": "XIBLoadable_macOS",
            "genericSig": "<τ_0_0 where τ_0_0 : XIBLoadable_macOS.XIBLoadable>",
            "sugared_genericSig": "<Self where Self : XIBLoadable_macOS.XIBLoadable>",
            "protocolReq": true,
            "reqNewWitnessTableEntry": true,
            "funcSelfKind": "NonMutating"
          },
          {
            "kind": "Function",
            "name": "load",
            "printedName": "load(from:)",
            "children": [
              {
                "kind": "TypeNominal",
                "name": "Bool",
                "printedName": "Swift.Bool",
                "usr": "s:Sb"
              },
              {
                "kind": "TypeNominal",
                "name": "String",
                "printedName": "Swift.String",
                "usr": "s:SS"
              }
            ],
            "declKind": "Func",
            "usr": "s:17XIBLoadable_macOS0A0PAASo6NSViewCRbzrlE4load4fromSbSS_tF",
            "mangledName": "$s17XIBLoadable_macOS0A0PAASo6NSViewCRbzrlE4load4fromSbSS_tF",
            "moduleName": "XIBLoadable_macOS",
            "genericSig": "<τ_0_0 where τ_0_0 : AppKit.NSView, τ_0_0 : XIBLoadable_macOS.XIBLoadable>",
            "sugared_genericSig": "<Self where Self : AppKit.NSView, Self : XIBLoadable_macOS.XIBLoadable>",
            "declAttributes": [
              "AccessControl",
              "DiscardableResult"
            ],
            "isFromExtension": true,
            "funcSelfKind": "NonMutating"
          },
          {
            "kind": "Function",
            "name": "add",
            "printedName": "add(to:)",
            "children": [
              {
                "kind": "TypeNominal",
                "name": "Void",
                "printedName": "()"
              },
              {
                "kind": "TypeNominal",
                "name": "NSView",
                "printedName": "AppKit.NSView",
                "usr": "c:objc(cs)NSView"
              }
            ],
            "declKind": "Func",
            "usr": "s:17XIBLoadable_macOS0A0PAASo6NSViewCRbzrlE3add2toyAE_tF",
            "mangledName": "$s17XIBLoadable_macOS0A0PAASo6NSViewCRbzrlE3add2toyAE_tF",
            "moduleName": "XIBLoadable_macOS",
            "genericSig": "<τ_0_0 where τ_0_0 : AppKit.NSView, τ_0_0 : XIBLoadable_macOS.XIBLoadable>",
            "sugared_genericSig": "<Self where Self : AppKit.NSView, Self : XIBLoadable_macOS.XIBLoadable>",
            "declAttributes": [
              "AccessControl"
            ],
            "isFromExtension": true,
            "funcSelfKind": "NonMutating"
          }
        ],
        "declKind": "Protocol",
        "usr": "s:17XIBLoadable_macOS0A0P",
        "mangledName": "$s17XIBLoadable_macOS0A0P",
        "moduleName": "XIBLoadable_macOS",
        "declAttributes": [
          "AccessControl"
        ]
      }
    ],
    "json_format_version": 8
  },
  "ConstValues": [
    {
      "filePath": "\/Users\/rahulyadav\/Documents\/iOS-Code\/Practice\/Practice-XCFrameworks\/XIBLoadable-macOS\/XIBLoadable-macOS\/XIBLoadable.swift",
      "kind": "BooleanLiteral",
      "offset": 586,
      "length": 5,
      "value": "false"
    },
    {
      "filePath": "\/Users\/rahulyadav\/Documents\/iOS-Code\/Practice\/Practice-XCFrameworks\/XIBLoadable-macOS\/XIBLoadable-macOS\/XIBLoadable.swift",
      "kind": "IntegerLiteral",
      "offset": 700,
      "length": 1,
      "value": "0"
    },
    {
      "filePath": "\/Users\/rahulyadav\/Documents\/iOS-Code\/Practice\/Practice-XCFrameworks\/XIBLoadable-macOS\/XIBLoadable-macOS\/XIBLoadable.swift",
      "kind": "IntegerLiteral",
      "offset": 749,
      "length": 1,
      "value": "0"
    },
    {
      "filePath": "\/Users\/rahulyadav\/Documents\/iOS-Code\/Practice\/Practice-XCFrameworks\/XIBLoadable-macOS\/XIBLoadable-macOS\/XIBLoadable.swift",
      "kind": "BooleanLiteral",
      "offset": 777,
      "length": 5,
      "value": "false"
    },
    {
      "filePath": "\/Users\/rahulyadav\/Documents\/iOS-Code\/Practice\/Practice-XCFrameworks\/XIBLoadable-macOS\/XIBLoadable-macOS\/XIBLoadable.swift",
      "kind": "BooleanLiteral",
      "offset": 888,
      "length": 5,
      "value": "false"
    },
    {
      "filePath": "\/Users\/rahulyadav\/Documents\/iOS-Code\/Practice\/Practice-XCFrameworks\/XIBLoadable-macOS\/XIBLoadable-macOS\/XIBLoadable.swift",
      "kind": "BooleanLiteral",
      "offset": 980,
      "length": 4,
      "value": "true"
    },
    {
      "filePath": "\/Users\/rahulyadav\/Documents\/iOS-Code\/Practice\/Practice-XCFrameworks\/XIBLoadable-macOS\/XIBLoadable-macOS\/XIBLoadable.swift",
      "kind": "BooleanLiteral",
      "offset": 1073,
      "length": 4,
      "value": "true"
    },
    {
      "filePath": "\/Users\/rahulyadav\/Documents\/iOS-Code\/Practice\/Practice-XCFrameworks\/XIBLoadable-macOS\/XIBLoadable-macOS\/XIBLoadable.swift",
      "kind": "BooleanLiteral",
      "offset": 1156,
      "length": 4,
      "value": "true"
    },
    {
      "filePath": "\/Users\/rahulyadav\/Documents\/iOS-Code\/Practice\/Practice-XCFrameworks\/XIBLoadable-macOS\/XIBLoadable-macOS\/XIBLoadable.swift",
      "kind": "BooleanLiteral",
      "offset": 1245,
      "length": 4,
      "value": "true"
    },
    {
      "filePath": "\/Users\/rahulyadav\/Documents\/iOS-Code\/Practice\/Practice-XCFrameworks\/XIBLoadable-macOS\/XIBLoadable-macOS\/XIBLoadable.swift",
      "kind": "BooleanLiteral",
      "offset": 1279,
      "length": 4,
      "value": "true"
    },
    {
      "filePath": "\/Users\/rahulyadav\/Documents\/iOS-Code\/Practice\/Practice-XCFrameworks\/XIBLoadable-macOS\/XIBLoadable-macOS\/XIBLoadable.swift",
      "kind": "BooleanLiteral",
      "offset": 1329,
      "length": 5,
      "value": "false"
    },
    {
      "filePath": "\/Users\/rahulyadav\/Documents\/iOS-Code\/Practice\/Practice-XCFrameworks\/XIBLoadable-macOS\/XIBLoadable-macOS\/XIBLoadable.swift",
      "kind": "BooleanLiteral",
      "offset": 1472,
      "length": 5,
      "value": "false"
    },
    {
      "filePath": "\/Users\/rahulyadav\/Documents\/iOS-Code\/Practice\/Practice-XCFrameworks\/XIBLoadable-macOS\/XIBLoadable-macOS\/XIBLoadable.swift",
      "kind": "BooleanLiteral",
      "offset": 1556,
      "length": 4,
      "value": "true"
    },
    {
      "filePath": "\/Users\/rahulyadav\/Documents\/iOS-Code\/Practice\/Practice-XCFrameworks\/XIBLoadable-macOS\/XIBLoadable-macOS\/XIBLoadable.swift",
      "kind": "BooleanLiteral",
      "offset": 1641,
      "length": 4,
      "value": "true"
    },
    {
      "filePath": "\/Users\/rahulyadav\/Documents\/iOS-Code\/Practice\/Practice-XCFrameworks\/XIBLoadable-macOS\/XIBLoadable-macOS\/XIBLoadable.swift",
      "kind": "BooleanLiteral",
      "offset": 1716,
      "length": 4,
      "value": "true"
    },
    {
      "filePath": "\/Users\/rahulyadav\/Documents\/iOS-Code\/Practice\/Practice-XCFrameworks\/XIBLoadable-macOS\/XIBLoadable-macOS\/XIBLoadable.swift",
      "kind": "BooleanLiteral",
      "offset": 1797,
      "length": 4,
      "value": "true"
    }
  ]
}